age,tenure,monthly_charges,contract_type,support_tickets,churn
22,3,79.5,monthly,5,1
45,36,65.2,annual,1,0
31,8,91.7,monthly,4,1
52,48,58.3,annual,0,0
28,6,85.4,monthly,6,1
39,24,72.1,annual,2,0
24,4,95.8,monthly,7,1
61,60,54.9,annual,1,0
35,12,88.6,monthly,3,1
48,42,63.7,annual,1,0
26,5,82.3,monthly,5,1
55,54,59.8,annual,0,0
33,10,90.2,monthly,4,1
42,30,69.4,annual,2,0
29,7,87.9,monthly,6,1
67,72,51.6,annual,0,0
37,18,76.5,monthly,3,0
50,45,61.2,annual,1,0
23,2,98.4,monthly,8,1
44,27,73.8,annual,2,0